{"cameraMode":{"drawMode":0,"name":"Shaded","section":"Shading Mode"},"sceneLighting":false,"audioPlay":false,"sceneViewState":{"showFog":true,"showMaterialUpdate":false,"showSkybox":false,"showFlares":true,"showImageEffects":true,"showParticleSystems":true},"in2DMode":false,"pivot":{"x":-4.156821250915527,"y":1.9770212173461915,"z":21.02446746826172},"rotation":{"x":0.015331682749092579,"y":0.5658960342407227,"z":-0.01002269983291626,"w":0.8245029449462891},"size":1.3064082860946656,"orthographic":false}