{"cameraMode":{"drawMode":0,"name":"Shaded","section":"Shading Mode"},"sceneLighting":false,"audioPlay":false,"sceneViewState":{"showFog":true,"showMaterialUpdate":false,"showSkybox":false,"showFlares":true,"showImageEffects":true,"showParticleSystems":true},"in2DMode":false,"pivot":{"x":0.17638635635375977,"y":-0.02109050750732422,"z":0.29460811614990237},"rotation":{"x":0.0024441329296678306,"y":-0.34946268796920779,"z":-0.0011448769364506007,"w":-0.9370543956756592},"size":12.12435531616211,"orthographic":false}