{"cameraMode":{"drawMode":0,"name":"Shaded","section":"Shading Mode"},"sceneLighting":false,"audioPlay":false,"sceneViewState":{"showFog":true,"showMaterialUpdate":false,"showSkybox":false,"showFlares":true,"showImageEffects":true,"showParticleSystems":true},"in2DMode":false,"pivot":{"x":0.17669999599456788,"y":-0.06069999933242798,"z":0.21639999747276307},"rotation":{"x":-0.07246462255716324,"y":-0.2682843506336212,"z":0.020242709666490556,"w":-0.9603995084762573},"size":0.06231680139899254,"orthographic":false}